<molecule convention="MDLMol" id="adenosine" title="ADENOSINE">
  <date day="22" month="11" year="1995">
  </date>
  <atomArray>
    <atom id="a1">
      <string builtin="elementType">N</string>
      <float builtin="x2">0.7046</float>
      <float builtin="y2">1.0956</float>
    </atom>
    <atom id="a2">
      <string builtin="elementType">C</string>
      <float builtin="x2">-0.6918</float>
      <float builtin="y2">1.5597</float>
    </atom>
    <atom id="a3">
      <string builtin="elementType">C</string>
      <float builtin="x2">0.8207</float>
      <float builtin="y2">-0.3566</float>
    </atom>
    <atom id="a4">
      <string builtin="elementType">C</string>
      <float builtin="x2">1.6929</float>
      <float builtin="y2">2.2514</float>
    </atom>
    <atom id="a5">
      <string builtin="elementType">C</string>
      <float builtin="x2">-0.6918</float>
      <float builtin="y2">3.0635</float>
    </atom>
    <atom id="a6">
      <string builtin="elementType">N</string>
      <float builtin="x2">-1.9636</float>
      <float builtin="y2">0.7218</float>
    </atom>
    <atom id="a7">
      <string builtin="elementType">O</string>
      <float builtin="x2">-0.5113</float>
      <float builtin="y2">-1.13</float>
    </atom>
    <atom id="a8">
      <string builtin="elementType">C</string>
      <float builtin="x2">1.985</float>
      <float builtin="y2">-1.3363</float>
    </atom>
    <atom id="a9">
      <string builtin="elementType">N</string>
      <float builtin="x2">0.825</float>
      <float builtin="y2">3.5447</float>
    </atom>
    <atom id="a10">
      <string builtin="elementType">C</string>
      <float builtin="x2">-2.0194</float>
      <float builtin="y2">3.824</float>
    </atom>
    <atom id="a11">
      <string builtin="elementType">C</string>
      <float builtin="x2">-3.3814</float>
      <float builtin="y2">1.4351</float>
    </atom>
    <atom id="a12">
      <string builtin="elementType">C</string>
      <float builtin="x2">-0.1719</float>
      <float builtin="y2">-2.578</float>
    </atom>
    <atom id="a13">
      <string builtin="elementType">C</string>
      <float builtin="x2">1.3878</float>
      <float builtin="y2">-2.7627</float>
    </atom>
    <atom id="a14">
      <string builtin="elementType">O</string>
      <float builtin="x2">3.5061</float>
      <float builtin="y2">-0.9753</float>
    </atom>
    <atom id="a15">
      <string builtin="elementType">N</string>
      <float builtin="x2">-3.3772</float>
      <float builtin="y2">3.0033</float>
    </atom>
    <atom id="a16">
      <string builtin="elementType">N</string>
      <float builtin="x2">-1.985</float>
      <float builtin="y2">5.3321</float>
    </atom>
    <atom id="a17">
      <string builtin="elementType">C</string>
      <float builtin="x2">-1.2546</float>
      <float builtin="y2">-3.6607</float>
    </atom>
    <atom id="a18">
      <string builtin="elementType">O</string>
      <float builtin="x2">2.1655</float>
      <float builtin="y2">-4.1119</float>
    </atom>
    <atom id="a19">
      <string builtin="elementType">O</string>
      <float builtin="x2">-0.6273</float>
      <float builtin="y2">-4.997</float>
    </atom>
  </atomArray>
  <bondArray>
    <bond id="b1">
      <string builtin="atomRef">a1</string>
      <string builtin="atomRef">a2</string>
      <string builtin="order">1</string>
    </bond>
    <bond id="b2">
      <string builtin="atomRef">a3</string>
      <string builtin="atomRef">a1</string>
      <string builtin="order">1</string>
      <string builtin="stereo">W</string>
    </bond>
    <bond id="b3">
      <string builtin="atomRef">a1</string>
      <string builtin="atomRef">a4</string>
      <string builtin="order">1</string>
    </bond>
    <bond id="b4">
      <string builtin="atomRef">a2</string>
      <string builtin="atomRef">a5</string>
      <string builtin="order">2</string>
    </bond>
    <bond id="b5">
      <string builtin="atomRef">a2</string>
      <string builtin="atomRef">a6</string>
      <string builtin="order">1</string>
    </bond>
    <bond id="b6">
      <string builtin="atomRef">a3</string>
      <string builtin="atomRef">a7</string>
      <string builtin="order">1</string>
    </bond>
    <bond id="b7">
      <string builtin="atomRef">a3</string>
      <string builtin="atomRef">a8</string>
      <string builtin="order">1</string>
    </bond>
    <bond id="b8">
      <string builtin="atomRef">a4</string>
      <string builtin="atomRef">a9</string>
      <string builtin="order">2</string>
    </bond>
    <bond id="b9">
      <string builtin="atomRef">a5</string>
      <string builtin="atomRef">a10</string>
      <string builtin="order">1</string>
    </bond>
    <bond id="b10">
      <string builtin="atomRef">a6</string>
      <string builtin="atomRef">a11</string>
      <string builtin="order">2</string>
    </bond>
    <bond id="b11">
      <string builtin="atomRef">a7</string>
      <string builtin="atomRef">a12</string>
      <string builtin="order">1</string>
    </bond>
    <bond id="b12">
      <string builtin="atomRef">a8</string>
      <string builtin="atomRef">a13</string>
      <string builtin="order">1</string>
    </bond>
    <bond id="b13">
      <string builtin="atomRef">a8</string>
      <string builtin="atomRef">a14</string>
      <string builtin="order">1</string>
      <string builtin="stereo">H</string>
    </bond>
    <bond id="b14">
      <string builtin="atomRef">a10</string>
      <string builtin="atomRef">a15</string>
      <string builtin="order">2</string>
    </bond>
    <bond id="b15">
      <string builtin="atomRef">a10</string>
      <string builtin="atomRef">a16</string>
      <string builtin="order">1</string>
    </bond>
    <bond id="b16">
      <string builtin="atomRef">a12</string>
      <string builtin="atomRef">a17</string>
      <string builtin="order">1</string>
      <string builtin="stereo">W</string>
    </bond>
    <bond id="b17">
      <string builtin="atomRef">a13</string>
      <string builtin="atomRef">a18</string>
      <string builtin="order">1</string>
      <string builtin="stereo">H</string>
    </bond>
    <bond id="b18">
      <string builtin="atomRef">a17</string>
      <string builtin="atomRef">a19</string>
      <string builtin="order">1</string>
    </bond>
    <bond id="b19">
      <string builtin="atomRef">a5</string>
      <string builtin="atomRef">a9</string>
      <string builtin="order">1</string>
    </bond>
    <bond id="b20">
      <string builtin="atomRef">a11</string>
      <string builtin="atomRef">a15</string>
      <string builtin="order">1</string>
    </bond>
    <bond id="b21">
      <string builtin="atomRef">a12</string>
      <string builtin="atomRef">a13</string>
      <string builtin="order">1</string>
    </bond>
  </bondArray>
</molecule>
