<molecule convention="MDLMol" id="dopamine" title="DOPAMINE">
  <date day="22" month="11" year="1995">
  </date>
  <atomArray>
    <atom id="a1">
      <string builtin="elementType">C</string>
      <float builtin="x2">0.0222</float>
      <float builtin="y2">0.8115</float>
    </atom>
    <atom id="a2">
      <string builtin="elementType">C</string>
      <float builtin="x2">-1.3191</float>
      <float builtin="y2">1.5747</float>
    </atom>
    <atom id="a3">
      <string builtin="elementType">C</string>
      <float builtin="x2">0.0222</float>
      <float builtin="y2">-0.7114</float>
    </atom>
    <atom id="a4">
      <string builtin="elementType">C</string>
      <float builtin="x2">1.3858</float>
      <float builtin="y2">1.5451</float>
    </atom>
    <atom id="a5">
      <string builtin="elementType">C</string>
      <float builtin="x2">-2.6381</float>
      <float builtin="y2">0.8115</float>
    </atom>
    <atom id="a6">
      <string builtin="elementType">C</string>
      <float builtin="x2">-1.3191</float>
      <float builtin="y2">-1.4747</float>
    </atom>
    <atom id="a7">
      <string builtin="elementType">C</string>
      <float builtin="x2">2.7085</float>
      <float builtin="y2">0.7522</float>
    </atom>
    <atom id="a8">
      <string builtin="elementType">C</string>
      <float builtin="x2">-2.6381</float>
      <float builtin="y2">-0.7114</float>
    </atom>
    <atom id="a9">
      <string builtin="elementType">O</string>
      <float builtin="x2">-3.9831</float>
      <float builtin="y2">1.6044</float>
    </atom>
    <atom id="a10">
      <string builtin="elementType">N</string>
      <float builtin="x2">4.0684</float>
      <float builtin="y2">1.4821</float>
    </atom>
    <atom id="a11">
      <string builtin="elementType">O</string>
      <float builtin="x2">-3.9831</float>
      <float builtin="y2">-1.5006</float>
    </atom>
  </atomArray>
  <bondArray>
    <bond id="b1">
      <string builtin="atomRef">a1</string>
      <string builtin="atomRef">a2</string>
      <string builtin="order">1</string>
    </bond>
    <bond id="b2">
      <string builtin="atomRef">a1</string>
      <string builtin="atomRef">a3</string>
      <string builtin="order">2</string>
    </bond>
    <bond id="b3">
      <string builtin="atomRef">a1</string>
      <string builtin="atomRef">a4</string>
      <string builtin="order">1</string>
    </bond>
    <bond id="b4">
      <string builtin="atomRef">a2</string>
      <string builtin="atomRef">a5</string>
      <string builtin="order">2</string>
    </bond>
    <bond id="b5">
      <string builtin="atomRef">a3</string>
      <string builtin="atomRef">a6</string>
      <string builtin="order">1</string>
    </bond>
    <bond id="b6">
      <string builtin="atomRef">a4</string>
      <string builtin="atomRef">a7</string>
      <string builtin="order">1</string>
    </bond>
    <bond id="b7">
      <string builtin="atomRef">a5</string>
      <string builtin="atomRef">a8</string>
      <string builtin="order">1</string>
    </bond>
    <bond id="b8">
      <string builtin="atomRef">a5</string>
      <string builtin="atomRef">a9</string>
      <string builtin="order">1</string>
    </bond>
    <bond id="b9">
      <string builtin="atomRef">a7</string>
      <string builtin="atomRef">a10</string>
      <string builtin="order">1</string>
    </bond>
    <bond id="b10">
      <string builtin="atomRef">a8</string>
      <string builtin="atomRef">a11</string>
      <string builtin="order">1</string>
    </bond>
    <bond id="b11">
      <string builtin="atomRef">a6</string>
      <string builtin="atomRef">a8</string>
      <string builtin="order">2</string>
    </bond>
  </bondArray>
</molecule>
