<molecule convention="MDLMol" id="naloxone" title="NALOXONE">
  <date day="23" month="11" year="1995">
  </date>
  <atomArray>
    <atom id="a1">
      <string builtin="elementType">C</string>
      <float builtin="x2">0.8401</float>
      <float builtin="y2">-1.5146</float>
    </atom>
    <atom id="a2">
      <string builtin="elementType">C</string>
      <float builtin="x2">-0.6704</float>
      <float builtin="y2">-1.5146</float>
    </atom>
    <atom id="a3">
      <string builtin="elementType">C</string>
      <float builtin="x2">1.5913</float>
      <float builtin="y2">-0.3595</float>
    </atom>
    <atom id="a4">
      <string builtin="elementType">C</string>
      <float builtin="x2">1.5913</float>
      <float builtin="y2">-2.6737</float>
    </atom>
    <atom id="a5">
      <string builtin="elementType">C</string>
      <float builtin="x2">1.975</float>
      <float builtin="y2">-1.5146</float>
    </atom>
    <atom id="a6">
      <string builtin="elementType">C</string>
      <float builtin="x2">-1.4217</float>
      <float builtin="y2">-2.6737</float>
    </atom>
    <atom id="a7">
      <string builtin="elementType">C</string>
      <float builtin="x2">-1.4217</float>
      <float builtin="y2">-0.3595</float>
    </atom>
    <atom id="a8">
      <string builtin="elementType">C</string>
      <float builtin="x2">0.8401</float>
      <float builtin="y2">0.7916</float>
    </atom>
    <atom id="a9">
      <string builtin="elementType">C</string>
      <float builtin="x2">3.1059</float>
      <float builtin="y2">-0.3595</float>
    </atom>
    <atom id="a10">
      <string builtin="elementType">O</string>
      <float builtin="x2">0.2908</float>
      <float builtin="y2">-0.3595</float>
    </atom>
    <atom id="a11">
      <string builtin="elementType">O</string>
      <float builtin="x2">0.0848</float>
      <float builtin="y2">-3.8248</float>
    </atom>
    <atom id="a12">
      <string builtin="elementType">C</string>
      <float builtin="x2">3.1059</float>
      <float builtin="y2">-2.6737</float>
    </atom>
    <atom id="a13">
      <string builtin="elementType">C</string>
      <float builtin="x2">3.0211</float>
      <float builtin="y2">1.8377</float>
    </atom>
    <atom id="a14">
      <string builtin="elementType">C</string>
      <float builtin="x2">-2.9362</float>
      <float builtin="y2">-2.6737</float>
    </atom>
    <atom id="a15">
      <string builtin="elementType">C</string>
      <float builtin="x2">-0.6704</float>
      <float builtin="y2">0.7916</float>
    </atom>
    <atom id="a16">
      <string builtin="elementType">C</string>
      <float builtin="x2">-2.9362</float>
      <float builtin="y2">-0.3595</float>
    </atom>
    <atom id="a17">
      <string builtin="elementType">N</string>
      <float builtin="x2">1.5913</float>
      <float builtin="y2">1.8377</float>
    </atom>
    <atom id="a18">
      <string builtin="elementType">C</string>
      <float builtin="x2">3.8571</float>
      <float builtin="y2">-1.5146</float>
    </atom>
    <atom id="a19">
      <string builtin="elementType">O</string>
      <float builtin="x2">3.7804</float>
      <float builtin="y2">-3.9298</float>
    </atom>
    <atom id="a20">
      <string builtin="elementType">C</string>
      <float builtin="x2">-3.6955</float>
      <float builtin="y2">-1.5146</float>
    </atom>
    <atom id="a21">
      <string builtin="elementType">O</string>
      <float builtin="x2">-3.6955</float>
      <float builtin="y2">-3.8248</float>
    </atom>
    <atom id="a22">
      <string builtin="elementType">C</string>
      <float builtin="x2">0.9209</float>
      <float builtin="y2">3.0897</float>
    </atom>
    <atom id="a23">
      <string builtin="elementType">C</string>
      <float builtin="x2">1.7529</float>
      <float builtin="y2">4.2085</float>
    </atom>
    <atom id="a24">
      <string builtin="elementType">C</string>
      <float builtin="x2">3.2472</float>
      <float builtin="y2">4.2085</float>
    </atom>
    <atom id="a25">
      <string builtin="elementType">H</string>
      <float builtin="x2">-0.0404</float>
      <float builtin="y2">2.0517</float>
    </atom>
  </atomArray>
  <bondArray>
    <bond id="b1">
      <string builtin="atomRef">a1</string>
      <string builtin="atomRef">a2</string>
      <string builtin="order">1</string>
    </bond>
    <bond id="b2">
      <string builtin="atomRef">a1</string>
      <string builtin="atomRef">a3</string>
      <string builtin="order">1</string>
    </bond>
    <bond id="b3">
      <string builtin="atomRef">a1</string>
      <string builtin="atomRef">a4</string>
      <string builtin="order">1</string>
    </bond>
    <bond id="b4">
      <string builtin="atomRef">a1</string>
      <string builtin="atomRef">a5</string>
      <string builtin="order">1</string>
      <string builtin="stereo">W</string>
    </bond>
    <bond id="b5">
      <string builtin="atomRef">a2</string>
      <string builtin="atomRef">a6</string>
      <string builtin="order">1</string>
    </bond>
    <bond id="b6">
      <string builtin="atomRef">a2</string>
      <string builtin="atomRef">a7</string>
      <string builtin="order">2</string>
    </bond>
    <bond id="b7">
      <string builtin="atomRef">a3</string>
      <string builtin="atomRef">a8</string>
      <string builtin="order">1</string>
    </bond>
    <bond id="b8">
      <string builtin="atomRef">a3</string>
      <string builtin="atomRef">a9</string>
      <string builtin="order">1</string>
    </bond>
    <bond id="b9">
      <string builtin="atomRef">a3</string>
      <string builtin="atomRef">a10</string>
      <string builtin="order">1</string>
      <string builtin="stereo">W</string>
    </bond>
    <bond id="b10">
      <string builtin="atomRef">a4</string>
      <string builtin="atomRef">a11</string>
      <string builtin="order">1</string>
      <string builtin="stereo">H</string>
    </bond>
    <bond id="b11">
      <string builtin="atomRef">a4</string>
      <string builtin="atomRef">a12</string>
      <string builtin="order">1</string>
    </bond>
    <bond id="b12">
      <string builtin="atomRef">a5</string>
      <string builtin="atomRef">a13</string>
      <string builtin="order">1</string>
    </bond>
    <bond id="b13">
      <string builtin="atomRef">a6</string>
      <string builtin="atomRef">a14</string>
      <string builtin="order">2</string>
    </bond>
    <bond id="b14">
      <string builtin="atomRef">a7</string>
      <string builtin="atomRef">a15</string>
      <string builtin="order">1</string>
    </bond>
    <bond id="b15">
      <string builtin="atomRef">a7</string>
      <string builtin="atomRef">a16</string>
      <string builtin="order">1</string>
    </bond>
    <bond id="b16">
      <string builtin="atomRef">a8</string>
      <string builtin="atomRef">a17</string>
      <string builtin="order">1</string>
      <string builtin="stereo">W</string>
    </bond>
    <bond id="b17">
      <string builtin="atomRef">a9</string>
      <string builtin="atomRef">a18</string>
      <string builtin="order">1</string>
    </bond>
    <bond id="b18">
      <string builtin="atomRef">a12</string>
      <string builtin="atomRef">a19</string>
      <string builtin="order">2</string>
    </bond>
    <bond id="b19">
      <string builtin="atomRef">a14</string>
      <string builtin="atomRef">a20</string>
      <string builtin="order">1</string>
    </bond>
    <bond id="b20">
      <string builtin="atomRef">a14</string>
      <string builtin="atomRef">a21</string>
      <string builtin="order">1</string>
    </bond>
    <bond id="b21">
      <string builtin="atomRef">a17</string>
      <string builtin="atomRef">a22</string>
      <string builtin="order">1</string>
    </bond>
    <bond id="b22">
      <string builtin="atomRef">a22</string>
      <string builtin="atomRef">a23</string>
      <string builtin="order">1</string>
    </bond>
    <bond id="b23">
      <string builtin="atomRef">a23</string>
      <string builtin="atomRef">a24</string>
      <string builtin="order">2</string>
    </bond>
    <bond id="b24">
      <string builtin="atomRef">a6</string>
      <string builtin="atomRef">a11</string>
      <string builtin="order">1</string>
    </bond>
    <bond id="b25">
      <string builtin="atomRef">a8</string>
      <string builtin="atomRef">a15</string>
      <string builtin="order">1</string>
    </bond>
    <bond id="b26">
      <string builtin="atomRef">a12</string>
      <string builtin="atomRef">a18</string>
      <string builtin="order">1</string>
    </bond>
    <bond id="b27">
      <string builtin="atomRef">a13</string>
      <string builtin="atomRef">a17</string>
      <string builtin="order">1</string>
    </bond>
    <bond id="b28">
      <string builtin="atomRef">a16</string>
      <string builtin="atomRef">a20</string>
      <string builtin="order">2</string>
    </bond>
    <bond id="b29">
      <string builtin="atomRef">a8</string>
      <string builtin="atomRef">a25</string>
      <string builtin="order">1</string>
      <string builtin="stereo">H</string>
    </bond>
  </bondArray>
</molecule>
